ID,Time,Steam_flow
0,2021-12-22 23:30:00,57.89354070645768
1,2021-12-22 23:30:01,57.94874670070086
2,2021-12-22 23:30:02,57.85749189393391
3,2021-12-22 23:30:03,57.70883844217379
4,2021-12-22 23:30:04,57.754343366770016
5,2021-12-22 23:30:05,57.727025595390984
6,2021-12-22 23:30:06,57.66004226541767
7,2021-12-22 23:30:07,57.62802385127459
8,2021-12-22 23:30:08,57.62005161222135
9,2021-12-22 23:30:09,57.75162808234683
10,2021-12-22 23:30:10,57.77832509720744
11,2021-12-22 23:30:11,57.78877439213931
12,2021-12-22 23:30:12,57.66491686349505
13,2021-12-22 23:30:13,57.64208228101022
14,2021-12-22 23:30:14,57.71506772152602
15,2021-12-22 23:30:15,57.81486166453751
16,2021-12-22 23:30:16,57.79042366549937
17,2021-12-22 23:30:17,57.745076735174365
18,2021-12-22 23:30:18,57.69201984117747
19,2021-12-22 23:30:19,57.748821184109495
20,2021-12-22 23:30:20,57.727266904211604
21,2021-12-22 23:30:21,57.71863655993084
22,2021-12-22 23:30:22,57.75998189383593
23,2021-12-22 23:30:23,57.744856729550094
24,2021-12-22 23:30:24,57.76954921579653
25,2021-12-22 23:30:25,57.73009099843738
26,2021-12-22 23:30:26,57.67908432025347
27,2021-12-22 23:30:27,57.122968004459324
28,2021-12-22 23:30:28,57.11092648079044
29,2021-12-22 23:30:29,57.11556373357447
30,2021-12-22 23:30:30,57.13562795293873
31,2021-12-22 23:30:31,57.146132999356084
32,2021-12-22 23:30:32,57.09060641200691
33,2021-12-22 23:30:33,57.108073860636
34,2021-12-22 23:30:34,57.143479664540266
35,2021-12-22 23:30:35,57.0961296899955
36,2021-12-22 23:30:36,57.15369963234512
37,2021-12-22 23:30:37,57.11640454797302
38,2021-12-22 23:30:38,57.12402770732426
39,2021-12-22 23:30:39,57.41799881416074
40,2021-12-22 23:30:40,57.43848401900935
41,2021-12-22 23:30:41,57.46974426381689
42,2021-12-22 23:30:42,57.45328158586844
43,2021-12-22 23:30:43,57.45227963851978
44,2021-12-22 23:30:44,57.40313923619205
45,2021-12-22 23:30:45,57.40764515945158
46,2021-12-22 23:30:46,57.41026832865455
47,2021-12-22 23:30:47,57.416736274733694
48,2021-12-22 23:30:48,57.37921380998958
49,2021-12-22 23:30:49,57.34189641297277
50,2021-12-22 23:30:50,57.39063024478634
51,2021-12-22 23:30:51,57.324959311972094
52,2021-12-22 23:30:52,57.31639255559957
53,2021-12-22 23:30:53,57.23485701826776
54,2021-12-22 23:30:54,57.259765271245186
55,2021-12-22 23:30:55,57.26470455510503
56,2021-12-22 23:30:56,57.30913787772889
57,2021-12-22 23:30:57,57.29832048911316
58,2021-12-22 23:30:58,57.26435890576053
59,2021-12-22 23:30:59,57.28339790695992
60,2021-12-22 23:31:00,57.3000654161565
61,2021-12-22 23:31:01,57.31300255962573
62,2021-12-22 23:31:02,57.25510438797183
63,2021-12-22 23:31:03,57.230026232418815
64,2021-12-22 23:31:04,57.22087541484497
65,2021-12-22 23:31:05,57.19337026885917
66,2021-12-22 23:31:06,57.306657713552994
67,2021-12-22 23:31:07,57.349013576375285
68,2021-12-22 23:31:08,57.44704491430204
69,2021-12-22 23:31:09,56.83135327647187
70,2021-12-22 23:31:10,57.06287395338223
71,2021-12-22 23:31:11,57.010464491718764
72,2021-12-22 23:31:12,57.0114865505725
73,2021-12-22 23:31:13,57.00332080627413
74,2021-12-22 23:31:14,57.04140905431066
75,2021-12-22 23:31:15,57.07455246862362
76,2021-12-22 23:31:16,57.047867081648405
77,2021-12-22 23:31:17,57.0448291426771
78,2021-12-22 23:31:18,57.00335020902282
79,2021-12-22 23:31:19,56.97535505446593
80,2021-12-22 23:31:20,56.942345525130584
81,2021-12-22 23:31:21,56.941701525816555
82,2021-12-22 23:31:22,57.034421065157396
83,2021-12-22 23:31:23,57.012881957405654
84,2021-12-22 23:31:24,57.01414826995297
85,2021-12-22 23:31:25,57.086454173946876
86,2021-12-22 23:31:26,57.09328997922776
87,2021-12-22 23:31:27,57.15811635942953
88,2021-12-22 23:31:28,57.16192227103629
89,2021-12-22 23:31:29,57.20446828294186
90,2021-12-22 23:31:30,57.226024574715616
91,2021-12-22 23:31:31,57.26397739414432
92,2021-12-22 23:31:32,57.27820224758543
93,2021-12-22 23:31:33,57.17945915198473
94,2021-12-22 23:31:34,57.15986593688933
95,2021-12-22 23:31:35,57.023577379927445
96,2021-12-22 23:31:36,57.050835520749786
97,2021-12-22 23:31:37,57.098700782718495
98,2021-12-22 23:31:38,57.208941473474354
99,2021-12-22 23:31:39,57.28562517966306
100,2021-12-22 23:31:40,57.29095041998039
101,2021-12-22 23:31:41,57.1562878955591
102,2021-12-22 23:31:42,57.44867807361981
103,2021-12-22 23:31:43,57.30641042045901
104,2021-12-22 23:31:44,57.2777748950804
105,2021-12-22 23:31:45,57.26415290682583
106,2021-12-22 23:31:46,57.37072841163765
107,2021-12-22 23:31:47,57.35402757882429
108,2021-12-22 23:31:48,57.24156634425295
109,2021-12-22 23:31:49,57.204927429851885
110,2021-12-22 23:31:50,57.24492481454567
111,2021-12-22 23:31:51,57.09596892355382
112,2021-12-22 23:31:52,57.11386850646897
113,2021-12-22 23:31:53,57.106602227593655
114,2021-12-22 23:31:54,57.039252097725544
115,2021-12-22 23:31:55,56.725508010072076
116,2021-12-22 23:31:56,56.737863321199995
117,2021-12-22 23:31:57,56.76552880598034
118,2021-12-22 23:31:58,56.751993512601906
119,2021-12-22 23:31:59,56.75052755296347
120,2021-12-22 23:32:00,56.788140097488174
121,2021-12-22 23:32:01,56.99457365709673
122,2021-12-22 23:32:02,56.98692084341823
123,2021-12-22 23:32:03,57.12019718311124
124,2021-12-22 23:32:04,57.04827208650058
125,2021-12-22 23:32:05,57.03673306611249
126,2021-12-22 23:32:06,56.9648953272773
127,2021-12-22 23:32:07,56.924176438878334
128,2021-12-22 23:32:08,56.88203745859461
129,2021-12-22 23:32:09,56.887208132559365
130,2021-12-22 23:32:10,56.824215687172114
131,2021-12-22 23:32:11,56.91933422344016
132,2021-12-22 23:32:12,56.94333676057147
133,2021-12-22 23:32:13,56.96940188691239
134,2021-12-22 23:32:14,56.99122643833008
135,2021-12-22 23:32:15,56.93801260233978
136,2021-12-22 23:32:16,56.9843655408698
137,2021-12-22 23:32:17,56.94396508104329
138,2021-12-22 23:32:18,56.87831624050492
139,2021-12-22 23:32:19,56.99502260696898
140,2021-12-22 23:32:20,56.95301928804941
141,2021-12-22 23:32:21,56.9800311556633
142,2021-12-22 23:32:22,56.984864584702464
143,2021-12-22 23:32:23,57.00216072661567
144,2021-12-22 23:32:24,57.05573929873878
145,2021-12-22 23:32:25,57.01755395772568
146,2021-12-22 23:32:26,57.05268861131931
147,2021-12-22 23:32:27,57.1034128091466
148,2021-12-22 23:32:28,56.90205861439741
149,2021-12-22 23:32:29,56.813550532669005
150,2021-12-22 23:32:30,56.87643323280572
151,2021-12-22 23:32:31,57.037538050271856
152,2021-12-22 23:32:32,57.0456666861744
153,2021-12-22 23:32:33,57.16550288723266
154,2021-12-22 23:32:34,57.12401424085394
155,2021-12-22 23:32:35,57.112561505892124
156,2021-12-22 23:32:36,57.40619522015729
157,2021-12-22 23:32:37,57.154280351554746
158,2021-12-22 23:32:38,57.11579908721808
159,2021-12-22 23:32:39,57.10262824680293
160,2021-12-22 23:32:40,56.98924856319528
161,2021-12-22 23:32:41,56.99244582285575
162,2021-12-22 23:32:42,56.990560062147615
163,2021-12-22 23:32:43,56.82707960067141
164,2021-12-22 23:32:44,57.08083510304827
165,2021-12-22 23:32:45,57.161958363414726
166,2021-12-22 23:32:46,57.16993767811796
167,2021-12-22 23:32:47,57.15245128841086
168,2021-12-22 23:32:48,57.15739273912119
169,2021-12-22 23:32:49,57.1458682772203
170,2021-12-22 23:32:50,57.08869326966858
171,2021-12-22 23:32:51,57.07665588941056
172,2021-12-22 23:32:52,57.0918437169716
173,2021-12-22 23:32:53,56.96056177952624
174,2021-12-22 23:32:54,56.86021202198567
175,2021-12-22 23:32:55,56.88020366475823
176,2021-12-22 23:32:56,56.87129739139025
177,2021-12-22 23:32:57,56.849012910903134
178,2021-12-22 23:32:58,56.87984294231582
179,2021-12-22 23:32:59,56.89330249026617
180,2021-12-22 23:33:00,56.94096400593443
181,2021-12-22 23:33:01,57.0107470927135
182,2021-12-22 23:33:02,57.040153848356006
183,2021-12-22 23:33:03,57.07551834213804
184,2021-12-22 23:33:04,57.122692556674885
185,2021-12-22 23:33:05,57.18846472363495
186,2021-12-22 23:33:06,57.200445923712294
187,2021-12-22 23:33:07,57.162633751030384
188,2021-12-22 23:33:08,57.089883248379365
189,2021-12-22 23:33:09,57.111564444230225
190,2021-12-22 23:33:10,57.13355171748609
191,2021-12-22 23:33:11,57.07272042791574
192,2021-12-22 23:33:12,57.12136964782164
193,2021-12-22 23:33:13,56.731696623332084
194,2021-12-22 23:33:14,56.74292652560685
195,2021-12-22 23:33:15,56.949379508058854
196,2021-12-22 23:33:16,57.13649377726969
197,2021-12-22 23:33:17,57.39407679048403
198,2021-12-22 23:33:18,57.347149014311924
199,2021-12-22 23:33:19,57.19203053614582
200,2021-12-22 23:33:20,57.281966045031396
201,2021-12-22 23:33:21,57.19495992163657
202,2021-12-22 23:33:22,57.236496626259964
203,2021-12-22 23:33:23,57.24582274787937
204,2021-12-22 23:33:24,57.29317438101903
205,2021-12-22 23:33:25,57.16826846261127
206,2021-12-22 23:33:26,57.16071363649981
207,2021-12-22 23:33:27,57.09212696803384
208,2021-12-22 23:33:28,57.0257963418475
209,2021-12-22 23:33:29,56.97136477505132
210,2021-12-22 23:33:30,57.0141437951193
211,2021-12-22 23:33:31,57.103711178852365
212,2021-12-22 23:33:32,57.45271027825105
213,2021-12-22 23:33:33,57.39410181767843
214,2021-12-22 23:33:34,57.461579253823366
215,2021-12-22 23:33:35,57.430685280883566
216,2021-12-22 23:33:36,57.40812816903603
217,2021-12-22 23:33:37,57.40360844338005
218,2021-12-22 23:33:38,57.41260991551419
219,2021-12-22 23:33:39,57.44417861293688
220,2021-12-22 23:33:40,57.406297792841706
221,2021-12-22 23:33:41,57.40651135618171
222,2021-12-22 23:33:42,57.41719649419476
223,2021-12-22 23:33:43,57.38532419711848
224,2021-12-22 23:33:44,57.18477623125652
225,2021-12-22 23:33:45,57.22764216724028
226,2021-12-22 23:33:46,57.071160915283826
227,2021-12-22 23:33:47,57.068034791513526
228,2021-12-22 23:33:48,56.8554481604102
229,2021-12-22 23:33:49,56.849883237258915
230,2021-12-22 23:33:50,56.80454565465541
231,2021-12-22 23:33:51,56.712533976687936
232,2021-12-22 23:33:52,56.873190789347625
233,2021-12-22 23:33:53,56.92942871851402
234,2021-12-22 23:33:54,57.03146836431624
235,2021-12-22 23:33:55,57.12362328152335
236,2021-12-22 23:33:56,57.149156036683294
237,2021-12-22 23:33:57,57.13262937936592
238,2021-12-22 23:33:58,57.17112339811942
239,2021-12-22 23:33:59,57.04174002908029
240,2021-12-22 23:34:00,57.03664149312987
241,2021-12-22 23:34:01,57.16369529529011
242,2021-12-22 23:34:02,57.08430763597569
243,2021-12-22 23:34:03,56.95268959817814
244,2021-12-22 23:34:04,57.04745540253767
245,2021-12-22 23:34:05,57.08659997376775
246,2021-12-22 23:34:06,57.08167290383346
247,2021-12-22 23:34:07,57.02121123446764
248,2021-12-22 23:34:08,56.98525974681279
249,2021-12-22 23:34:09,57.07551541021911
250,2021-12-22 23:34:10,57.032617613220424
251,2021-12-22 23:34:11,56.99597110499157
252,2021-12-22 23:34:12,56.98258752521579
253,2021-12-22 23:34:13,56.92571569521946
254,2021-12-22 23:34:14,56.99346687120149
255,2021-12-22 23:34:15,57.037863655680056
256,2021-12-22 23:34:16,57.12553778310555
257,2021-12-22 23:34:17,57.19681695717917
258,2021-12-22 23:34:18,57.21607143673542
259,2021-12-22 23:34:19,57.25777010675648
260,2021-12-22 23:34:20,57.21904645876723
261,2021-12-22 23:34:21,57.18083964924996
262,2021-12-22 23:34:22,57.23542553006248
263,2021-12-22 23:34:23,57.159375239379386
264,2021-12-22 23:34:24,57.1739242666919
265,2021-12-22 23:34:25,57.21866818650527
266,2021-12-22 23:34:26,57.22071936274472
267,2021-12-22 23:34:27,57.22898383815226
268,2021-12-22 23:34:28,57.24684902632097
269,2021-12-22 23:34:29,57.260977768336474
270,2021-12-22 23:34:30,57.31603535415876
271,2021-12-22 23:34:31,57.317209564988865
272,2021-12-22 23:34:32,57.22098933110924
273,2021-12-22 23:34:33,57.232927628280365
274,2021-12-22 23:34:34,57.20854142543505
275,2021-12-22 23:34:35,57.20351493089758
276,2021-12-22 23:34:36,57.28040088179024
277,2021-12-22 23:34:37,57.198244791318345
278,2021-12-22 23:34:38,57.24814708615704
279,2021-12-22 23:34:39,57.293269068493856
280,2021-12-22 23:34:40,57.50350873821784
281,2021-12-22 23:34:41,57.495983495765294
282,2021-12-22 23:34:42,57.546226649110494
283,2021-12-22 23:34:43,57.52461645589423
284,2021-12-22 23:34:44,57.36044584404138
285,2021-12-22 23:34:45,57.277622232596464
286,2021-12-22 23:34:46,57.33682052107538
287,2021-12-22 23:34:47,57.30456146324895
288,2021-12-22 23:34:48,57.36897914972336
289,2021-12-22 23:34:49,57.409286663199026
290,2021-12-22 23:34:50,57.35984962153613
291,2021-12-22 23:34:51,57.260381186565084
292,2021-12-22 23:34:52,57.45220943890943
293,2021-12-22 23:34:53,57.50750087101264
294,2021-12-22 23:34:54,57.49827359289304
295,2021-12-22 23:34:55,57.48649292451048
296,2021-12-22 23:34:56,57.43714171647907
297,2021-12-22 23:34:57,57.51061820926043
298,2021-12-22 23:34:58,57.43397954202593
299,2021-12-22 23:34:59,57.340296140991164
300,2021-12-22 23:35:00,57.3068244757875
301,2021-12-22 23:35:01,57.353020561806915
302,2021-12-22 23:35:02,57.311504645544076
303,2021-12-22 23:35:03,57.214371936979134
304,2021-12-22 23:35:04,57.23042949316634
305,2021-12-22 23:35:05,57.21042514982462
306,2021-12-22 23:35:06,57.303142946156854
307,2021-12-22 23:35:07,57.34188901138363
308,2021-12-22 23:35:08,57.250085748494946
309,2021-12-22 23:35:09,57.22698856528062
310,2021-12-22 23:35:10,57.18263829051681
311,2021-12-22 23:35:11,57.17663513474369
312,2021-12-22 23:35:12,57.0813321377004
313,2021-12-22 23:35:13,57.01299119362385
314,2021-12-22 23:35:14,57.07025494448888
315,2021-12-22 23:35:15,57.00045536484687
316,2021-12-22 23:35:16,57.00605453424257
317,2021-12-22 23:35:17,56.91968076873378
318,2021-12-22 23:35:18,56.90163987502546
319,2021-12-22 23:35:19,56.87819188312881
320,2021-12-22 23:35:20,56.83352916698465
321,2021-12-22 23:35:21,56.697081329167325
322,2021-12-22 23:35:22,56.83147390239106
323,2021-12-22 23:35:23,56.86949655196418
324,2021-12-22 23:35:24,56.93491432732189
325,2021-12-22 23:35:25,56.93083280239012
326,2021-12-22 23:35:26,56.99225751949867
327,2021-12-22 23:35:27,57.02786003276346
328,2021-12-22 23:35:28,57.0325007036377
329,2021-12-22 23:35:29,57.036514714649144
330,2021-12-22 23:35:30,57.02356030508649
331,2021-12-22 23:35:31,57.184925840437415
332,2021-12-22 23:35:32,57.102005735287044
333,2021-12-22 23:35:33,57.061400071945066
334,2021-12-22 23:35:34,57.052735181446565
335,2021-12-22 23:35:35,56.92733786459602
336,2021-12-22 23:35:36,56.852229502141974
337,2021-12-22 23:35:37,56.79593614421596
338,2021-12-22 23:35:38,56.79976407138114
339,2021-12-22 23:35:39,56.76381333245439
340,2021-12-22 23:35:40,56.89153996547852
341,2021-12-22 23:35:41,57.028351273375975
342,2021-12-22 23:35:42,57.22465906299343
343,2021-12-22 23:35:43,57.147350385546844
344,2021-12-22 23:35:44,57.23348040054239
345,2021-12-22 23:35:45,57.231749073223405
346,2021-12-22 23:35:46,57.01125166925425
347,2021-12-22 23:35:47,56.96851645893716
348,2021-12-22 23:35:48,56.993650579804026
349,2021-12-22 23:35:49,57.17929262049893
350,2021-12-22 23:35:50,57.250659191401155
351,2021-12-22 23:35:51,57.326380551615074
352,2021-12-22 23:35:52,57.1110394536133
353,2021-12-22 23:35:53,57.00008138264333
354,2021-12-22 23:35:54,56.97457811451791
355,2021-12-22 23:35:55,57.08566699782173
356,2021-12-22 23:35:56,57.00727074387369
357,2021-12-22 23:35:57,57.09112883960336
358,2021-12-22 23:35:58,57.1298084128634
359,2021-12-22 23:35:59,57.18690149011972
360,2021-12-22 23:36:00,57.17186862947122
361,2021-12-22 23:36:01,57.32813621008904
362,2021-12-22 23:36:02,57.35165024608641
363,2021-12-22 23:36:03,57.30486304816235
364,2021-12-22 23:36:04,57.240133343444214
365,2021-12-22 23:36:05,57.20816742272482
366,2021-12-22 23:36:06,57.26537609149224
367,2021-12-22 23:36:07,57.319515889380106
368,2021-12-22 23:36:08,57.342166556133826
369,2021-12-22 23:36:09,57.285160485868445
370,2021-12-22 23:36:10,57.18074074813924
371,2021-12-22 23:36:11,57.11099792022674
372,2021-12-22 23:36:12,57.07399896665928
373,2021-12-22 23:36:13,57.08931733903236
374,2021-12-22 23:36:14,57.02258989684802
375,2021-12-22 23:36:15,57.04162736557248
376,2021-12-22 23:36:16,56.9795644590629
377,2021-12-22 23:36:17,56.986590326898906
378,2021-12-22 23:36:18,57.01518839602036
379,2021-12-22 23:36:19,57.03343494246001
380,2021-12-22 23:36:20,57.10630244712487
381,2021-12-22 23:36:21,57.17192391128424
382,2021-12-22 23:36:22,57.31126953274692
383,2021-12-22 23:36:23,57.337271413029015
384,2021-12-22 23:36:24,57.30615756691825
385,2021-12-22 23:36:25,57.17992325428553
386,2021-12-22 23:36:26,57.157552923347446
387,2021-12-22 23:36:27,57.11353178020167
388,2021-12-22 23:36:28,57.106804045930105
389,2021-12-22 23:36:29,57.23404232328729
390,2021-12-22 23:36:30,57.26370893965441
391,2021-12-22 23:36:31,57.43327980336317
392,2021-12-22 23:36:32,57.464621001156544
393,2021-12-22 23:36:33,57.46493738681315
394,2021-12-22 23:36:34,57.44251161143998
395,2021-12-22 23:36:35,57.53469167869281
396,2021-12-22 23:36:36,57.482458740787045
397,2021-12-22 23:36:37,57.5064478021736
398,2021-12-22 23:36:38,57.540282228927225
399,2021-12-22 23:36:39,57.5603670963255
400,2021-12-22 23:36:40,57.44832766817011
401,2021-12-22 23:36:41,57.355460759213045
402,2021-12-22 23:36:42,57.355540316438805
403,2021-12-22 23:36:43,57.244904761001415
404,2021-12-22 23:36:44,57.255165991589564
405,2021-12-22 23:36:45,57.30221892083256
406,2021-12-22 23:36:46,57.288232035926086
407,2021-12-22 23:36:47,57.324990331474694
408,2021-12-22 23:36:48,57.33411023672154
409,2021-12-22 23:36:49,57.360019543379806
410,2021-12-22 23:36:50,57.369361876106765
411,2021-12-22 23:36:51,57.33133862499881
412,2021-12-22 23:36:52,57.39462510167179
413,2021-12-22 23:36:53,57.49887239350806
414,2021-12-22 23:36:54,57.53256178815223
415,2021-12-22 23:36:55,57.61071234780874
416,2021-12-22 23:36:56,57.62181496845151
417,2021-12-22 23:36:57,57.673447509734444
418,2021-12-22 23:36:58,57.68491033201606
419,2021-12-22 23:36:59,57.700533703116704
420,2021-12-22 23:37:00,57.70148890099726
421,2021-12-22 23:37:01,57.57386839007128
422,2021-12-22 23:37:02,57.49389321543192
423,2021-12-22 23:37:03,57.41175508266578
424,2021-12-22 23:37:04,57.37581567350902
425,2021-12-22 23:37:05,57.30704847524006
426,2021-12-22 23:37:06,57.3698713533936
427,2021-12-22 23:37:07,57.524551635026725
428,2021-12-22 23:37:08,57.57187905006674
429,2021-12-22 23:37:09,57.47904146712979
430,2021-12-22 23:37:10,57.64797685956077
431,2021-12-22 23:37:11,57.68749259758765
432,2021-12-22 23:37:12,57.71983807253824
433,2021-12-22 23:37:13,57.80276004324795
434,2021-12-22 23:37:14,57.69982091422173
435,2021-12-22 23:37:15,57.761558413499976
436,2021-12-22 23:37:16,57.79655315394844
437,2021-12-22 23:37:17,57.870351875617516
438,2021-12-22 23:37:18,57.99176432125284
439,2021-12-22 23:37:19,57.98990700480857
440,2021-12-22 23:37:20,57.98192034144318
441,2021-12-22 23:37:21,58.00618544512897
442,2021-12-22 23:37:22,57.94082890947189
443,2021-12-22 23:37:23,58.030382129544705
444,2021-12-22 23:37:24,58.06254889113471
445,2021-12-22 23:37:25,58.0907073152958
446,2021-12-22 23:37:26,58.17417023856945
447,2021-12-22 23:37:27,58.14639348414727
448,2021-12-22 23:37:28,58.09451323974402
449,2021-12-22 23:37:29,58.10990399724969
450,2021-12-22 23:37:30,58.1193707728306
451,2021-12-22 23:37:31,58.07557416276077
452,2021-12-22 23:37:32,58.05874701411234
453,2021-12-22 23:37:33,58.09947932813145
454,2021-12-22 23:37:34,58.11119136293126
455,2021-12-22 23:37:35,58.18233215549138
456,2021-12-22 23:37:36,58.27605844653911
457,2021-12-22 23:37:37,58.24113151918294
458,2021-12-22 23:37:38,58.374174784630725
459,2021-12-22 23:37:39,58.18653494308456
460,2021-12-22 23:37:40,58.294616175128276
461,2021-12-22 23:37:41,58.254170874332445
462,2021-12-22 23:37:42,58.13462036013312
463,2021-12-22 23:37:43,58.07948367482051
464,2021-12-22 23:37:44,57.96575618999878
465,2021-12-22 23:37:45,58.01247283979714
466,2021-12-22 23:37:46,58.096855057908115
467,2021-12-22 23:37:47,57.91847573323648
468,2021-12-22 23:37:48,57.90838650644987
469,2021-12-22 23:37:49,57.8892987992572
470,2021-12-22 23:37:50,57.9167043022087
471,2021-12-22 23:37:51,57.96795283401631
472,2021-12-22 23:37:52,58.00174332824002
473,2021-12-22 23:37:53,57.99668871845704
474,2021-12-22 23:37:54,58.014847956558704
475,2021-12-22 23:37:55,58.05743008270925
476,2021-12-22 23:37:56,58.09604442534807
477,2021-12-22 23:37:57,58.125331104707854
478,2021-12-22 23:37:58,58.113496959512275
479,2021-12-22 23:37:59,58.12229917270733
480,2021-12-22 23:38:00,58.141481633986146
481,2021-12-22 23:38:01,58.07046856502305
482,2021-12-22 23:38:02,58.03952362460292
483,2021-12-22 23:38:03,57.93788777732349
484,2021-12-22 23:38:04,57.99461197282728
485,2021-12-22 23:38:05,57.98595522202144
486,2021-12-22 23:38:06,57.94688275341404
487,2021-12-22 23:38:07,57.92322860614152
488,2021-12-22 23:38:08,57.89670760628273
489,2021-12-22 23:38:09,57.95285105563514
490,2021-12-22 23:38:10,58.075450777822034
491,2021-12-22 23:38:11,58.12913833709507
492,2021-12-22 23:38:12,58.141906862375606
493,2021-12-22 23:38:13,58.14887864347149
494,2021-12-22 23:38:14,58.09987361356268
495,2021-12-22 23:38:15,57.925340945738704
496,2021-12-22 23:38:16,57.935636059995325
497,2021-12-22 23:38:17,57.97543037168644
498,2021-12-22 23:38:18,58.111593403899356
499,2021-12-22 23:38:19,58.18437165229212
500,2021-12-22 23:38:20,58.1868322583708
501,2021-12-22 23:38:21,58.246501477726405
502,2021-12-22 23:38:22,58.21936894464667
503,2021-12-22 23:38:23,58.190002317296745
504,2021-12-22 23:38:24,58.16056646110821
505,2021-12-22 23:38:25,58.074630943616114
506,2021-12-22 23:38:26,58.089587316521644
507,2021-12-22 23:38:27,58.12186689016957
508,2021-12-22 23:38:28,58.047597349626756
509,2021-12-22 23:38:29,58.06197296406406
510,2021-12-22 23:38:30,58.04150372746091
511,2021-12-22 23:38:31,58.016712867679566
512,2021-12-22 23:38:32,58.02082019295179
513,2021-12-22 23:38:33,58.036729801519634
514,2021-12-22 23:38:34,58.09330065547546
515,2021-12-22 23:38:35,58.116629483406406
516,2021-12-22 23:38:36,58.119030451685326
517,2021-12-22 23:38:37,58.2527403881805
518,2021-12-22 23:38:38,58.312143292283835
519,2021-12-22 23:38:39,58.35295503663123
520,2021-12-22 23:38:40,58.32369922366932
521,2021-12-22 23:38:41,58.408292717542636
522,2021-12-22 23:38:42,58.40148145973285
523,2021-12-22 23:38:43,58.323512009179744
524,2021-12-22 23:38:44,58.31137510969429
525,2021-12-22 23:38:45,58.32005167421783
526,2021-12-22 23:38:46,58.34878641191957
527,2021-12-22 23:38:47,58.46961075503583
528,2021-12-22 23:38:48,58.50172976596639
529,2021-12-22 23:38:49,58.43878619316098
530,2021-12-22 23:38:50,58.50642530328038
531,2021-12-22 23:38:51,58.369929656669456
532,2021-12-22 23:38:52,58.270015372378126
533,2021-12-22 23:38:53,58.317231634097695
534,2021-12-22 23:38:54,58.32043576754904
535,2021-12-22 23:38:55,58.29940287567871
536,2021-12-22 23:38:56,58.211408498551435
537,2021-12-22 23:38:57,58.30274620595989
538,2021-12-22 23:38:58,58.45073001804565
539,2021-12-22 23:38:59,58.40342138171885
540,2021-12-22 23:39:00,58.470062952960305
541,2021-12-22 23:39:01,58.43896695146064
542,2021-12-22 23:39:02,58.33362776986536
543,2021-12-22 23:39:03,58.28820832592824
544,2021-12-22 23:39:04,58.25158210563009
545,2021-12-22 23:39:05,58.1668584190942
546,2021-12-22 23:39:06,58.07993156354265
547,2021-12-22 23:39:07,58.06663754330488
548,2021-12-22 23:39:08,58.06702531330579
549,2021-12-22 23:39:09,58.059949201876925
550,2021-12-22 23:39:10,58.09625443584979
551,2021-12-22 23:39:11,58.327424619276016
552,2021-12-22 23:39:12,58.43374483224336
553,2021-12-22 23:39:13,58.31524873161192
554,2021-12-22 23:39:14,58.178615690694194
555,2021-12-22 23:39:15,58.06517602635613
556,2021-12-22 23:39:16,57.941970096497926
557,2021-12-22 23:39:17,57.912006890310764
558,2021-12-22 23:39:18,57.77030199534086
559,2021-12-22 23:39:19,57.66776482002633
560,2021-12-22 23:39:20,57.67456299510498
561,2021-12-22 23:39:21,57.63277908474149
562,2021-12-22 23:39:22,57.752693745588836
563,2021-12-22 23:39:23,57.790760159041
564,2021-12-22 23:39:24,57.78613884067006
565,2021-12-22 23:39:25,57.78965832946854
566,2021-12-22 23:39:26,57.772756556784636
567,2021-12-22 23:39:27,57.764788027420195
568,2021-12-22 23:39:28,57.77191792175746
569,2021-12-22 23:39:29,57.85370625214952
570,2021-12-22 23:39:30,58.00500971159368
571,2021-12-22 23:39:31,57.99998578703848
572,2021-12-22 23:39:32,57.93525699686944
573,2021-12-22 23:39:33,57.92518980358669
574,2021-12-22 23:39:34,58.031928909737296
575,2021-12-22 23:39:35,58.07881235630894
576,2021-12-22 23:39:36,58.099801722104445
577,2021-12-22 23:39:37,58.08144096766948
578,2021-12-22 23:39:38,58.129862522805354
579,2021-12-22 23:39:39,58.04117820307849
580,2021-12-22 23:39:40,57.91178025337976
581,2021-12-22 23:39:41,57.5464496570675
582,2021-12-22 23:39:42,57.29991403579639
583,2021-12-22 23:39:43,57.17020365371751
584,2021-12-22 23:39:44,57.10689737286465
585,2021-12-22 23:39:45,57.148481430451106
586,2021-12-22 23:39:46,57.195964300065796
587,2021-12-22 23:39:47,57.199294525072354
588,2021-12-22 23:39:48,57.20782914345283
589,2021-12-22 23:39:49,57.16835171758503
590,2021-12-22 23:39:50,57.156801139379496
591,2021-12-22 23:39:51,57.164829737352576
592,2021-12-22 23:39:52,57.24168500888975
593,2021-12-22 23:39:53,57.3148742720894
594,2021-12-22 23:39:54,57.346263916479536
595,2021-12-22 23:39:55,57.37738214824673
596,2021-12-22 23:39:56,57.44469311695745
597,2021-12-22 23:39:57,57.403026740712626
598,2021-12-22 23:39:58,57.2555638385398
599,2021-12-22 23:39:59,57.223941305252666
600,2021-12-22 23:40:00,57.20197554513278
601,2021-12-22 23:40:01,57.275711981641
602,2021-12-22 23:40:02,57.34607877674056
603,2021-12-22 23:40:03,57.4187367972187
604,2021-12-22 23:40:04,57.44449468550202
605,2021-12-22 23:40:05,57.61524516777167
606,2021-12-22 23:40:06,57.66515865438532
607,2021-12-22 23:40:07,57.50275961503732
608,2021-12-22 23:40:08,57.386016477952474
609,2021-12-22 23:40:09,57.435086333494326
610,2021-12-22 23:40:10,57.32189122386384
611,2021-12-22 23:40:11,57.32046905145201
612,2021-12-22 23:40:12,57.40264735049332
613,2021-12-22 23:40:13,57.403742406974985
614,2021-12-22 23:40:14,57.261815211886
615,2021-12-22 23:40:15,57.284029689023264
616,2021-12-22 23:40:16,57.24870703071162
617,2021-12-22 23:40:17,57.28140211388701
618,2021-12-22 23:40:18,57.365449517499385
619,2021-12-22 23:40:19,57.419112683828075
620,2021-12-22 23:40:20,57.46924351757236
621,2021-12-22 23:40:21,57.4842326936314
622,2021-12-22 23:40:22,57.519918322261624
623,2021-12-22 23:40:23,57.53753567614269
624,2021-12-22 23:40:24,57.470019540233274
625,2021-12-22 23:40:25,57.38323838992553
626,2021-12-22 23:40:26,57.31987294449892
627,2021-12-22 23:40:27,57.350632637814925
628,2021-12-22 23:40:28,57.46571431499768
629,2021-12-22 23:40:29,57.65304568706538
630,2021-12-22 23:40:30,57.61416344489697
631,2021-12-22 23:40:31,57.558810339714356
632,2021-12-22 23:40:32,57.43879649894748
633,2021-12-22 23:40:33,57.36729489614079
634,2021-12-22 23:40:34,57.31913431285639
635,2021-12-22 23:40:35,57.31658396426567
636,2021-12-22 23:40:36,57.29958009058356
637,2021-12-22 23:40:37,57.37001355092455
638,2021-12-22 23:40:38,57.38820883074468
639,2021-12-22 23:40:39,57.42895684024528
640,2021-12-22 23:40:40,57.483205433772156
641,2021-12-22 23:40:41,57.46528328020136
642,2021-12-22 23:40:42,57.51408334990796
643,2021-12-22 23:40:43,57.338812747719004
644,2021-12-22 23:40:44,57.37954521775274
645,2021-12-22 23:40:45,57.39596424039284
646,2021-12-22 23:40:46,57.3911317005653
647,2021-12-22 23:40:47,57.38474883551694
648,2021-12-22 23:40:48,57.410542840837635
649,2021-12-22 23:40:49,57.58667116242759
650,2021-12-22 23:40:50,57.624645798972175
651,2021-12-22 23:40:51,57.58545575028535
652,2021-12-22 23:40:52,57.53786614439298
653,2021-12-22 23:40:53,57.453062673423716
654,2021-12-22 23:40:54,57.34226858907071
655,2021-12-22 23:40:55,57.248642039893014
656,2021-12-22 23:40:56,57.018883099276756
657,2021-12-22 23:40:57,57.01589329131663
658,2021-12-22 23:40:58,56.97928094099004
659,2021-12-22 23:40:59,56.98713648330097
660,2021-12-22 23:41:00,57.01271415442915
661,2021-12-22 23:41:01,57.01653105655235
662,2021-12-22 23:41:02,56.997231479386166
663,2021-12-22 23:41:03,57.04935165924055
664,2021-12-22 23:41:04,56.990911558952696
665,2021-12-22 23:41:05,57.123334922293
666,2021-12-22 23:41:06,57.0878706945622
667,2021-12-22 23:41:07,56.98589415641081
668,2021-12-22 23:41:08,57.00487974911866
669,2021-12-22 23:41:09,56.952801739188246
670,2021-12-22 23:41:10,56.88353735893559
671,2021-12-22 23:41:11,56.825226751641694
672,2021-12-22 23:41:12,56.757440297616085
673,2021-12-22 23:41:13,56.73995337261587
674,2021-12-22 23:41:14,56.64990230260105
675,2021-12-22 23:41:15,56.608432118511935
676,2021-12-22 23:41:16,56.65884409174676
677,2021-12-22 23:41:17,56.869243840954624
678,2021-12-22 23:41:18,56.91740143777753
679,2021-12-22 23:41:19,57.023501957457825
680,2021-12-22 23:41:20,56.97167693051583
681,2021-12-22 23:41:21,57.05104963342552
682,2021-12-22 23:41:22,56.887892355367676
683,2021-12-22 23:41:23,56.90545086731423
684,2021-12-22 23:41:24,56.90228401701573
685,2021-12-22 23:41:25,56.89368271208777
686,2021-12-22 23:41:26,56.92103805384471
687,2021-12-22 23:41:27,56.96587084610771
688,2021-12-22 23:41:28,56.91435134869752
689,2021-12-22 23:41:29,56.93802622150424
690,2021-12-22 23:41:30,56.858120486614965
691,2021-12-22 23:41:31,56.85259737255942
692,2021-12-22 23:41:32,56.716825784408755
693,2021-12-22 23:41:33,56.72447671778592
694,2021-12-22 23:41:34,56.75921068953869
695,2021-12-22 23:41:35,56.73970247364812
696,2021-12-22 23:41:36,56.739986245144905
697,2021-12-22 23:41:37,56.79685020218346
698,2021-12-22 23:41:38,56.98466997029641
699,2021-12-22 23:41:39,56.91903332094754
700,2021-12-22 23:41:40,56.94762267364241
701,2021-12-22 23:41:41,57.01724215981086
702,2021-12-22 23:41:42,57.0064570187606
703,2021-12-22 23:41:43,56.85290844989449
704,2021-12-22 23:41:44,56.839869191525224
705,2021-12-22 23:41:45,56.782734219578344
706,2021-12-22 23:41:46,56.76834129612416
707,2021-12-22 23:41:47,56.72627325747044
708,2021-12-22 23:41:48,56.66257077143397
709,2021-12-22 23:41:49,56.529161888109556
710,2021-12-22 23:41:50,56.65746480541311
711,2021-12-22 23:41:51,56.777720326502426
712,2021-12-22 23:41:52,56.760838925035216
713,2021-12-22 23:41:53,56.714356053306574
714,2021-12-22 23:41:54,56.68869741092626
715,2021-12-22 23:41:55,56.694765494278606
716,2021-12-22 23:41:56,56.66834626696712
717,2021-12-22 23:41:57,56.73923826061754
718,2021-12-22 23:41:58,56.70912687995831
719,2021-12-22 23:41:59,56.69319625891218
720,2021-12-22 23:42:00,56.64722556284529
721,2021-12-22 23:42:01,56.641811563263886
722,2021-12-22 23:42:02,56.62408683104563
723,2021-12-22 23:42:03,56.51057589108686
724,2021-12-22 23:42:04,56.44824629229802
725,2021-12-22 23:42:05,56.39279083532344
726,2021-12-22 23:42:06,56.445249108554236
727,2021-12-22 23:42:07,56.49020991841731
728,2021-12-22 23:42:08,56.283881373619934
729,2021-12-22 23:42:09,56.27596604785667
730,2021-12-22 23:42:10,56.25709789778301
731,2021-12-22 23:42:11,56.26991722208753
732,2021-12-22 23:42:12,56.30316772495468
733,2021-12-22 23:42:13,56.26321178312082
734,2021-12-22 23:42:14,56.281558566282854
735,2021-12-22 23:42:15,56.27051242609845
736,2021-12-22 23:42:16,56.24681019106971
737,2021-12-22 23:42:17,56.252220652094074
738,2021-12-22 23:42:18,56.24436270710725
739,2021-12-22 23:42:19,56.2507567344328
740,2021-12-22 23:42:20,56.281173072185936
741,2021-12-22 23:42:21,56.25534482855374
742,2021-12-22 23:42:22,56.19274359470734
743,2021-12-22 23:42:23,56.13573809019366
744,2021-12-22 23:42:24,56.17629578742689
745,2021-12-22 23:42:25,56.03806934476347
746,2021-12-22 23:42:26,56.015704808237885
747,2021-12-22 23:42:27,56.10741026428089
748,2021-12-22 23:42:28,55.9360975307122
749,2021-12-22 23:42:29,55.94440112924918
750,2021-12-22 23:42:30,55.975562691867935
751,2021-12-22 23:42:31,56.08395476409274
752,2021-12-22 23:42:32,56.1783345609079
753,2021-12-22 23:42:33,56.22048387431211
754,2021-12-22 23:42:34,56.19768523249357
755,2021-12-22 23:42:35,56.29607474778847
756,2021-12-22 23:42:36,56.27426205743639
757,2021-12-22 23:42:37,56.22864179665473
758,2021-12-22 23:42:38,56.19291351284781
759,2021-12-22 23:42:39,56.1091093041946
760,2021-12-22 23:42:40,56.06467250701242
761,2021-12-22 23:42:41,55.95608273672565
762,2021-12-22 23:42:42,56.007388659576065
763,2021-12-22 23:42:43,56.150553719085096
764,2021-12-22 23:42:44,56.24336071830521
765,2021-12-22 23:42:45,55.96008738109615
766,2021-12-22 23:42:46,55.9254197015707
767,2021-12-22 23:42:47,56.010921521289816
768,2021-12-22 23:42:48,56.087799359162446
769,2021-12-22 23:42:49,56.16254916670911
770,2021-12-22 23:42:50,56.20424543747809
771,2021-12-22 23:42:51,56.1765278939656
772,2021-12-22 23:42:52,56.06305705387466
773,2021-12-22 23:42:53,56.15697650727579
774,2021-12-22 23:42:54,56.19583989473543
775,2021-12-22 23:42:55,56.24672650198157
776,2021-12-22 23:42:56,56.18952279481844
777,2021-12-22 23:42:57,56.140539271464874
778,2021-12-22 23:42:58,56.15163747509519
779,2021-12-22 23:42:59,56.21701830050077
780,2021-12-22 23:43:00,56.30620659302963
781,2021-12-22 23:43:01,56.28619280113953
782,2021-12-22 23:43:02,56.29861664335286
783,2021-12-22 23:43:03,56.29761738879383
784,2021-12-22 23:43:04,56.34254131689667
785,2021-12-22 23:43:05,56.357497768954815
786,2021-12-22 23:43:06,56.347463780426516
787,2021-12-22 23:43:07,56.251711719752265
788,2021-12-22 23:43:08,56.202545947666366
789,2021-12-22 23:43:09,56.15235788177149
790,2021-12-22 23:43:10,56.196815578150535
791,2021-12-22 23:43:11,56.26611894630527
792,2021-12-22 23:43:12,56.20505432672059
793,2021-12-22 23:43:13,56.157437150893394
794,2021-12-22 23:43:14,56.12489060563009
795,2021-12-22 23:43:15,56.22117725860328
796,2021-12-22 23:43:16,56.11862698763342
797,2021-12-22 23:43:17,56.110276004378164
798,2021-12-22 23:43:18,56.04372774276536
799,2021-12-22 23:43:19,56.03153972829044
800,2021-12-22 23:43:20,56.05272523885954
801,2021-12-22 23:43:21,56.11110847721912
802,2021-12-22 23:43:22,56.11764203943933
803,2021-12-22 23:43:23,56.111205068004224
804,2021-12-22 23:43:24,56.1616036097619
805,2021-12-22 23:43:25,56.13828230370736
806,2021-12-22 23:43:26,56.14625158458026
807,2021-12-22 23:43:27,56.21034323781395
808,2021-12-22 23:43:28,56.24843406819046
809,2021-12-22 23:43:29,56.26303373823897
810,2021-12-22 23:43:30,56.19232713703273
811,2021-12-22 23:43:31,56.162942683625545
812,2021-12-22 23:43:32,56.18988798779437
813,2021-12-22 23:43:33,56.158654324425775
814,2021-12-22 23:43:34,56.20033727717693
815,2021-12-22 23:43:35,56.15582686072304
816,2021-12-22 23:43:36,56.18180585564036
817,2021-12-22 23:43:37,56.19189476981241
818,2021-12-22 23:43:38,56.18156910607384
819,2021-12-22 23:43:39,56.22260592603137
820,2021-12-22 23:43:40,56.20534172634865
821,2021-12-22 23:43:41,56.30882308720963
822,2021-12-22 23:43:42,56.35049989507522
823,2021-12-22 23:43:43,56.308050938013615
824,2021-12-22 23:43:44,56.30519022002071
825,2021-12-22 23:43:45,56.275425784005
826,2021-12-22 23:43:46,56.295098379111415
827,2021-12-22 23:43:47,56.147740395161215
828,2021-12-22 23:43:48,56.10735631579349
829,2021-12-22 23:43:49,56.03804692998193
830,2021-12-22 23:43:50,56.142587770768
831,2021-12-22 23:43:51,56.103737488299686
832,2021-12-22 23:43:52,56.08596938013106
833,2021-12-22 23:43:53,56.134584733059505
834,2021-12-22 23:43:54,56.225644147517954
835,2021-12-22 23:43:55,56.252450445886026
836,2021-12-22 23:43:56,56.264135200644375
837,2021-12-22 23:43:57,56.27040205667046
838,2021-12-22 23:43:58,56.24564554352801
839,2021-12-22 23:43:59,56.269503124889894
840,2021-12-22 23:44:00,56.253912456383176
841,2021-12-22 23:44:01,56.237344272550295
842,2021-12-22 23:44:02,56.290846173584576
843,2021-12-22 23:44:03,56.30357092322333
844,2021-12-22 23:44:04,56.31823148377593
845,2021-12-22 23:44:05,56.37788557778224
846,2021-12-22 23:44:06,56.32005668596874
847,2021-12-22 23:44:07,56.36302863853201
848,2021-12-22 23:44:08,56.31057763049131
849,2021-12-22 23:44:09,56.308459982915
850,2021-12-22 23:44:10,56.2681230887073
851,2021-12-22 23:44:11,56.251733506364076
852,2021-12-22 23:44:12,56.206878979098434
853,2021-12-22 23:44:13,56.26172711147697
854,2021-12-22 23:44:14,56.38589270385482
855,2021-12-22 23:44:15,56.359755465674354
856,2021-12-22 23:44:16,56.43080389153612
857,2021-12-22 23:44:17,56.4598506207029
858,2021-12-22 23:44:18,56.435560568451564
859,2021-12-22 23:44:19,56.508692729049926
860,2021-12-22 23:44:20,56.53582127814332
861,2021-12-22 23:44:21,56.55729872284414
862,2021-12-22 23:44:22,56.61404928877857
863,2021-12-22 23:44:23,56.56347033496249
864,2021-12-22 23:44:24,56.50169860809513
865,2021-12-22 23:44:25,56.443298652335415
866,2021-12-22 23:44:26,56.483741860483164
867,2021-12-22 23:44:27,56.44101396799966
868,2021-12-22 23:44:28,56.42363667311962
869,2021-12-22 23:44:29,56.48186946263779
870,2021-12-22 23:44:30,56.44662718565483
871,2021-12-22 23:44:31,56.4723670237161
872,2021-12-22 23:44:32,56.49040779292887
873,2021-12-22 23:44:33,56.450344360796535
874,2021-12-22 23:44:34,56.417117426661534
875,2021-12-22 23:44:35,56.391127182487224
876,2021-12-22 23:44:36,56.47062808601537
877,2021-12-22 23:44:37,56.49422025047593
878,2021-12-22 23:44:38,56.505139100647895
879,2021-12-22 23:44:39,56.48586794759442
880,2021-12-22 23:44:40,56.484597928310656
881,2021-12-22 23:44:41,56.39279642964314
882,2021-12-22 23:44:42,56.4885753841711
883,2021-12-22 23:44:43,56.60433107096435
884,2021-12-22 23:44:44,56.64185706451908
885,2021-12-22 23:44:45,56.6471878909923
886,2021-12-22 23:44:46,56.683823520735466
887,2021-12-22 23:44:47,56.61935626870897
888,2021-12-22 23:44:48,56.640186640723186
889,2021-12-22 23:44:49,56.5082128363067
890,2021-12-22 23:44:50,56.42996365843236
891,2021-12-22 23:44:51,56.37292436839385
892,2021-12-22 23:44:52,56.35133143774665
893,2021-12-22 23:44:53,56.35930301523204
894,2021-12-22 23:44:54,56.37781963366296
895,2021-12-22 23:44:55,56.46708016757589
896,2021-12-22 23:44:56,56.52763690661703
897,2021-12-22 23:44:57,56.46996978739591
898,2021-12-22 23:44:58,56.49976469396074
899,2021-12-22 23:44:59,56.490140388787026
900,2021-12-22 23:45:00,56.45186012564438
901,2021-12-22 23:45:01,56.421254202953854
902,2021-12-22 23:45:02,56.3465950912087
903,2021-12-22 23:45:03,56.22714093580044
904,2021-12-22 23:45:04,56.26142482651106
905,2021-12-22 23:45:05,56.29034543153614
906,2021-12-22 23:45:06,56.272184217635456
907,2021-12-22 23:45:07,56.32406923461467
908,2021-12-22 23:45:08,56.39125624381586
909,2021-12-22 23:45:09,56.401277920442496
910,2021-12-22 23:45:10,56.4391035388213
911,2021-12-22 23:45:11,56.49511161616531
912,2021-12-22 23:45:12,56.47773425681851
913,2021-12-22 23:45:13,56.36492389541433
914,2021-12-22 23:45:14,56.34614537526739
915,2021-12-22 23:45:15,56.27012000362133
916,2021-12-22 23:45:16,56.25216397525964
917,2021-12-22 23:45:17,60.55226001705354
918,2021-12-22 23:45:18,56.33181174200165
919,2021-12-22 23:45:19,56.34599613644591
920,2021-12-22 23:45:20,56.37724922549042
921,2021-12-22 23:45:21,56.407143409993836
922,2021-12-22 23:45:22,56.40628433419327
923,2021-12-22 23:45:23,56.42595536344929
924,2021-12-22 23:45:24,56.42970806250414
925,2021-12-22 23:45:25,56.36563311093042
926,2021-12-22 23:45:26,56.26861686939905
927,2021-12-22 23:45:27,56.17172387924722
928,2021-12-22 23:45:28,56.19124369333952
929,2021-12-22 23:45:29,56.17365337261295
930,2021-12-22 23:45:30,56.108255687403165
931,2021-12-22 23:45:31,56.10035453301525
932,2021-12-22 23:45:32,56.060528326760355
933,2021-12-22 23:45:33,56.0892716270595
934,2021-12-22 23:45:34,56.146979455044644
935,2021-12-22 23:45:35,56.176546951693226
936,2021-12-22 23:45:36,56.07276254586776
937,2021-12-22 23:45:37,56.08160840526956
938,2021-12-22 23:45:38,56.061416679667346
939,2021-12-22 23:45:39,56.030746896329376
940,2021-12-22 23:45:40,56.03848587623319
941,2021-12-22 23:45:41,56.069413030769375
942,2021-12-22 23:45:42,56.12004356797769
943,2021-12-22 23:45:43,56.108249251517435
944,2021-12-22 23:45:44,56.084269144542546
945,2021-12-22 23:45:45,56.06604921445973
946,2021-12-22 23:45:46,56.075690275720326
947,2021-12-22 23:45:47,56.0735846934763
948,2021-12-22 23:45:48,56.09993939563938
949,2021-12-22 23:45:49,56.106566480114594
950,2021-12-22 23:45:50,56.0838434952854
951,2021-12-22 23:45:51,56.07924752576782
952,2021-12-22 23:45:52,56.080765060584284
953,2021-12-22 23:45:53,56.07569518275494
954,2021-12-22 23:45:54,56.197250990051174
955,2021-12-22 23:45:55,56.17952890345603
956,2021-12-22 23:45:56,56.18690123515475
957,2021-12-22 23:45:57,56.24377680554353
958,2021-12-22 23:45:58,56.2542043799973
959,2021-12-22 23:45:59,56.16889852831723
960,2021-12-22 23:46:00,56.180052597991946
961,2021-12-22 23:46:01,56.17811007372407
962,2021-12-22 23:46:02,56.197168197522295
963,2021-12-22 23:46:03,56.197439456234605
964,2021-12-22 23:46:04,56.31946929758375
965,2021-12-22 23:46:05,56.20506116735364
966,2021-12-22 23:46:06,56.296288663140615
967,2021-12-22 23:46:07,56.20857483941456
968,2021-12-22 23:46:08,56.238506115863196
969,2021-12-22 23:46:09,56.24745794269345
970,2021-12-22 23:46:10,56.13706198640531
971,2021-12-22 23:46:11,56.18386212344451
972,2021-12-22 23:46:12,56.15255045654576
973,2021-12-22 23:46:13,56.10546651059411
974,2021-12-22 23:46:14,56.118266568079136
975,2021-12-22 23:46:15,56.07135291816226
976,2021-12-22 23:46:16,56.09059444140492
977,2021-12-22 23:46:17,56.00331436635751
978,2021-12-22 23:46:18,56.10879151413038
979,2021-12-22 23:46:19,56.06955415999624
980,2021-12-22 23:46:20,55.998116050347036
981,2021-12-22 23:46:21,56.011579208035144
982,2021-12-22 23:46:22,56.007023751121814
983,2021-12-22 23:46:23,56.004938900196464
984,2021-12-22 23:46:24,56.03754424069094
985,2021-12-22 23:46:25,56.11272644068412
986,2021-12-22 23:46:26,56.14305026507409
987,2021-12-22 23:46:27,56.093225083372815
988,2021-12-22 23:46:28,56.02786637928182
989,2021-12-22 23:46:29,56.02101337425697
990,2021-12-22 23:46:30,55.99557653439763
991,2021-12-22 23:46:31,55.97162245611107
992,2021-12-22 23:46:32,55.90331971873514
993,2021-12-22 23:46:33,55.87116311508575
994,2021-12-22 23:46:34,55.72230763284895
995,2021-12-22 23:46:35,55.69188396995574
996,2021-12-22 23:46:36,55.58898195421085
997,2021-12-22 23:46:37,55.699949800057524
998,2021-12-22 23:46:38,55.76556980763995
999,2021-12-22 23:46:39,55.86456751827529
1000,2021-12-22 23:46:40,55.77429317237831
1001,2021-12-22 23:46:41,55.680565195456836
1002,2021-12-22 23:46:42,55.691052102506795
1003,2021-12-22 23:46:43,55.75913054020957
1004,2021-12-22 23:46:44,55.572136269289444
1005,2021-12-22 23:46:45,55.592556849746146
1006,2021-12-22 23:46:46,55.378386879302084
1007,2021-12-22 23:46:47,55.34718004933478
1008,2021-12-22 23:46:48,55.39662489584521
1009,2021-12-22 23:46:49,55.31681933556909
1010,2021-12-22 23:46:50,55.272180024360765
1011,2021-12-22 23:46:51,55.35355885629836
1012,2021-12-22 23:46:52,55.280974981721585
1013,2021-12-22 23:46:53,55.39155600951424
1014,2021-12-22 23:46:54,55.23974587126904
1015,2021-12-22 23:46:55,55.31612200973234
1016,2021-12-22 23:46:56,55.33038878318813
1017,2021-12-22 23:46:57,55.29380363331698
1018,2021-12-22 23:46:58,55.35393292845518
1019,2021-12-22 23:46:59,55.26478392181227
1020,2021-12-22 23:47:00,55.3321681359853
1021,2021-12-22 23:47:01,55.42553648182047
1022,2021-12-22 23:47:02,55.37366426733347
1023,2021-12-22 23:47:03,55.3423408398649
1024,2021-12-22 23:47:04,55.27572644469139
1025,2021-12-22 23:47:05,55.340110457949876
1026,2021-12-22 23:47:06,55.52440718412695
1027,2021-12-22 23:47:07,55.500510858164944
1028,2021-12-22 23:47:08,55.622637713794354
1029,2021-12-22 23:47:09,55.57746203805096
1030,2021-12-22 23:47:10,55.50783539525557
1031,2021-12-22 23:47:11,55.567513786374235
1032,2021-12-22 23:47:12,55.72050503832439
1033,2021-12-22 23:47:13,55.67950839920726
1034,2021-12-22 23:47:14,55.72557464331592
1035,2021-12-22 23:47:15,55.79193043170275
1036,2021-12-22 23:47:16,55.914850312671206
1037,2021-12-22 23:47:17,55.91425833853893
1038,2021-12-22 23:47:18,55.851261254968904
1039,2021-12-22 23:47:19,55.84622646389879
1040,2021-12-22 23:47:20,55.742753522984515
1041,2021-12-22 23:47:21,55.73705958830254
1042,2021-12-22 23:47:22,55.79069691941055
1043,2021-12-22 23:47:23,55.82618075857319
1044,2021-12-22 23:47:24,55.88508148920717
1045,2021-12-22 23:47:25,56.00664202677132
1046,2021-12-22 23:47:26,56.12549367414037
1047,2021-12-22 23:47:27,56.047229916033615
1048,2021-12-22 23:47:28,56.00780815762213
1049,2021-12-22 23:47:29,55.97541214938032
1050,2021-12-22 23:47:30,55.95312218075118
1051,2021-12-22 23:47:31,55.92569748798443
1052,2021-12-22 23:47:32,55.8748897930712
1053,2021-12-22 23:47:33,55.8988305250447
1054,2021-12-22 23:47:34,55.91016166181963
1055,2021-12-22 23:47:35,55.87812183653399
1056,2021-12-22 23:47:36,55.90418830273074
1057,2021-12-22 23:47:37,55.93758669136473
1058,2021-12-22 23:47:38,55.98023099801454
1059,2021-12-22 23:47:39,55.93080577874954
1060,2021-12-22 23:47:40,55.92221138665235
1061,2021-12-22 23:47:41,55.886912761651274
1062,2021-12-22 23:47:42,55.89494887999368
1063,2021-12-22 23:47:43,55.87325079442813
1064,2021-12-22 23:47:44,55.85162742444994
1065,2021-12-22 23:47:45,55.80525029363745
1066,2021-12-22 23:47:46,55.71370929897882
1067,2021-12-22 23:47:47,55.71365714839813
1068,2021-12-22 23:47:48,55.599366446964275
1069,2021-12-22 23:47:49,55.5908276400191
1070,2021-12-22 23:47:50,55.66823619375256
1071,2021-12-22 23:47:51,55.61128095047067
1072,2021-12-22 23:47:52,55.585703624124974
1073,2021-12-22 23:47:53,55.6081552716137
1074,2021-12-22 23:47:54,55.58668166394261
1075,2021-12-22 23:47:55,55.595466499812076
1076,2021-12-22 23:47:56,55.58268445843504
1077,2021-12-22 23:47:57,55.58173205452234
1078,2021-12-22 23:47:58,55.54556924287684
1079,2021-12-22 23:47:59,55.548064734729905
1080,2021-12-22 23:48:00,55.586531930854164
1081,2021-12-22 23:48:01,55.655956888192364
1082,2021-12-22 23:48:02,55.793936142518916
1083,2021-12-22 23:48:03,55.823698626062296
1084,2021-12-22 23:48:04,55.848405868538215
1085,2021-12-22 23:48:05,55.84216403226935
1086,2021-12-22 23:48:06,55.89648427111228
1087,2021-12-22 23:48:07,55.94372121293526
1088,2021-12-22 23:48:08,55.95382719980801
1089,2021-12-22 23:48:09,55.925849931571165
1090,2021-12-22 23:48:10,55.84917069330275
1091,2021-12-22 23:48:11,55.799344959166405
1092,2021-12-22 23:48:12,55.85038165644032
1093,2021-12-22 23:48:13,55.87351954925143
1094,2021-12-22 23:48:14,55.84869173117642
1095,2021-12-22 23:48:15,55.869239049141825
1096,2021-12-22 23:48:16,55.82162958883326
1097,2021-12-22 23:48:17,55.88966582622951
1098,2021-12-22 23:48:18,55.983261329724
1099,2021-12-22 23:48:19,55.9940259942468
1100,2021-12-22 23:48:20,55.93401584492837
1101,2021-12-22 23:48:21,55.99028200939197
1102,2021-12-22 23:48:22,56.05324103470282
1103,2021-12-22 23:48:23,55.94134665685432
1104,2021-12-22 23:48:24,55.93605218730997
1105,2021-12-22 23:48:25,55.955861464336635
1106,2021-12-22 23:48:26,55.99534956344236
1107,2021-12-22 23:48:27,55.989468746030425
1108,2021-12-22 23:48:28,56.00613860625723
1109,2021-12-22 23:48:29,56.072498129438856
1110,2021-12-22 23:48:30,56.07720127824274
1111,2021-12-22 23:48:31,56.062375986000845
1112,2021-12-22 23:48:32,56.066160118031036
1113,2021-12-22 23:48:33,56.14787825059746
1114,2021-12-22 23:48:34,56.11438590258373
1115,2021-12-22 23:48:35,56.01579892816436
1116,2021-12-22 23:48:36,56.00912998084378
1117,2021-12-22 23:48:37,56.03589357021702
1118,2021-12-22 23:48:38,56.07650748803584
1119,2021-12-22 23:48:39,56.03383926152193
1120,2021-12-22 23:48:40,56.015440646233564
1121,2021-12-22 23:48:41,55.98713309966534
1122,2021-12-22 23:48:42,55.96958185741056
1123,2021-12-22 23:48:43,55.99078028943583
1124,2021-12-22 23:48:44,55.956418567602526
1125,2021-12-22 23:48:45,55.8989615064786
1126,2021-12-22 23:48:46,55.77176743667502
1127,2021-12-22 23:48:47,55.69007010998965
1128,2021-12-22 23:48:48,55.555893411346794
1129,2021-12-22 23:48:49,55.35737800191629
1130,2021-12-22 23:48:50,54.969607955685305
1131,2021-12-22 23:48:51,54.455846829367204
1132,2021-12-22 23:48:52,54.07053593533109
1133,2021-12-22 23:48:53,53.81579578231781
1134,2021-12-22 23:48:54,53.503384057650365
1135,2021-12-22 23:48:55,53.29069166543647
1136,2021-12-22 23:48:56,52.95566036169526
1137,2021-12-22 23:48:57,52.632169372092996
1138,2021-12-22 23:48:58,52.6359951658986
1139,2021-12-22 23:48:59,52.59626996164256
1140,2021-12-22 23:49:00,52.24139057882907
1141,2021-12-22 23:49:01,51.983531769347465
1142,2021-12-22 23:49:02,51.6423636796777
1143,2021-12-22 23:49:03,51.386483236223455
1144,2021-12-22 23:49:04,51.430776900835035
1145,2021-12-22 23:49:05,51.62263078280729
1146,2021-12-22 23:49:06,51.7019483321347
1147,2021-12-22 23:49:07,51.977868186467695
1148,2021-12-22 23:49:08,51.47467539850234
1149,2021-12-22 23:49:09,51.538287284824875
1150,2021-12-22 23:49:10,51.76885924769304
1151,2021-12-22 23:49:11,51.63495306374414
1152,2021-12-22 23:49:12,51.62197358031269
1153,2021-12-22 23:49:13,51.75642765215234
1154,2021-12-22 23:49:14,51.221754859971554
1155,2021-12-22 23:49:15,51.454348983142744
1156,2021-12-22 23:49:16,51.55194290766643
1157,2021-12-22 23:49:17,51.486697035864864
1158,2021-12-22 23:49:18,51.48840786639158
1159,2021-12-22 23:49:19,51.59833345571567
1160,2021-12-22 23:49:20,51.6467905679997
1161,2021-12-22 23:49:21,51.87900452121933
1162,2021-12-22 23:49:22,51.94583557757725
1163,2021-12-22 23:49:23,52.25496230518352
1164,2021-12-22 23:49:24,52.38931659283193
1165,2021-12-22 23:49:25,52.49423983297977
1166,2021-12-22 23:49:26,52.32118191417808
1167,2021-12-22 23:49:27,52.080242109137906
1168,2021-12-22 23:49:28,52.067329846814054
1169,2021-12-22 23:49:29,52.02069392909262
1170,2021-12-22 23:49:30,52.066683867484706
1171,2021-12-22 23:49:31,51.92291256691087
1172,2021-12-22 23:49:32,52.08720198487245
1173,2021-12-22 23:49:33,52.202346675666845
1174,2021-12-22 23:49:34,52.261405708960005
1175,2021-12-22 23:49:35,52.302724103253055
1176,2021-12-22 23:49:36,52.20727350833188
1177,2021-12-22 23:49:37,52.161106399794086
1178,2021-12-22 23:49:38,52.07087263146511
1179,2021-12-22 23:49:39,51.99226285592078
1180,2021-12-22 23:49:40,51.957918772140516
1181,2021-12-22 23:49:41,51.88732003811472
1182,2021-12-22 23:49:42,51.92363441401746
1183,2021-12-22 23:49:43,51.96991124910892
1184,2021-12-22 23:49:44,52.04252022372876
1185,2021-12-22 23:49:45,51.985408278251185
1186,2021-12-22 23:49:46,51.916561801044374
1187,2021-12-22 23:49:47,51.90924478433105
1188,2021-12-22 23:49:48,51.954036023610264
1189,2021-12-22 23:49:49,51.9687271296187
1190,2021-12-22 23:49:50,52.11150014320805
1191,2021-12-22 23:49:51,51.90934139042422
1192,2021-12-22 23:49:52,51.84910360556631
1193,2021-12-22 23:49:53,51.71523457602338
1194,2021-12-22 23:49:54,51.86286077284515
1195,2021-12-22 23:49:55,52.056903553115944
1196,2021-12-22 23:49:56,52.11022048645482
1197,2021-12-22 23:49:57,52.16371427299928
1198,2021-12-22 23:49:58,52.1017107206852
1199,2021-12-22 23:49:59,52.18986037919453
1200,2021-12-22 23:50:00,52.38220576992824
1201,2021-12-22 23:50:01,52.4697162879032
1202,2021-12-22 23:50:02,52.53171598256013
1203,2021-12-22 23:50:03,52.63942421824717
1204,2021-12-22 23:50:04,52.74733461935016
1205,2021-12-22 23:50:05,52.64002422626227
1206,2021-12-22 23:50:06,52.62336554411906
1207,2021-12-22 23:50:07,52.6150853877665
1208,2021-12-22 23:50:08,52.67022969950244
1209,2021-12-22 23:50:09,52.75509921589613
1210,2021-12-22 23:50:10,52.82971975246389
1211,2021-12-22 23:50:11,52.96114441618762
1212,2021-12-22 23:50:12,52.980180624399864
1213,2021-12-22 23:50:13,52.65562796426828
1214,2021-12-22 23:50:14,52.412678250952936
1215,2021-12-22 23:50:15,52.3722701342888
1216,2021-12-22 23:50:16,52.33431186425356
1217,2021-12-22 23:50:17,52.466020817281276
1218,2021-12-22 23:50:18,52.50537997904645
1219,2021-12-22 23:50:19,52.53833811919443
1220,2021-12-22 23:50:20,52.45567436057499
1221,2021-12-22 23:50:21,52.55019954649711
1222,2021-12-22 23:50:22,52.51594387721349
1223,2021-12-22 23:50:23,52.569876342758214
1224,2021-12-22 23:50:24,52.49035892681932
1225,2021-12-22 23:50:25,52.585860690577306
1226,2021-12-22 23:50:26,52.65999138838858
1227,2021-12-22 23:50:27,52.734269523764404
1228,2021-12-22 23:50:28,52.730594430989
1229,2021-12-22 23:50:29,53.30497873865566
1230,2021-12-22 23:50:30,53.32657444942133
1231,2021-12-22 23:50:31,53.468196076014
1232,2021-12-22 23:50:32,53.44350005772278
1233,2021-12-22 23:50:33,53.19465532816319
1234,2021-12-22 23:50:34,53.060850458720495
1235,2021-12-22 23:50:35,52.93732781799949
1236,2021-12-22 23:50:36,52.607850337155035
1237,2021-12-22 23:50:37,52.5215775369732
1238,2021-12-22 23:50:38,52.525706919244186
1239,2021-12-22 23:50:39,52.61438715903722
1240,2021-12-22 23:50:40,52.92020984633761
1241,2021-12-22 23:50:41,52.87769054000411
1242,2021-12-22 23:50:42,52.82261058823116
1243,2021-12-22 23:50:43,52.745294014685356
1244,2021-12-22 23:50:44,52.69335759559638
1245,2021-12-22 23:50:45,52.724310900291165
1246,2021-12-22 23:50:46,52.85864902744849
1247,2021-12-22 23:50:47,52.94550653742368
1248,2021-12-22 23:50:48,53.12946205044893
1249,2021-12-22 23:50:49,53.791617529106404
1250,2021-12-22 23:50:50,53.79263281304605
1251,2021-12-22 23:50:51,53.72314750672445
1252,2021-12-22 23:50:52,53.70717813711295
1253,2021-12-22 23:50:53,53.74937797376623
1254,2021-12-22 23:50:54,53.769970155659124
1255,2021-12-22 23:50:55,53.79572683090652
1256,2021-12-22 23:50:56,53.73817225149084
1257,2021-12-22 23:50:57,53.77631607601923
1258,2021-12-22 23:50:58,53.76199460454052
1259,2021-12-22 23:50:59,53.744159117721225
1260,2021-12-22 23:51:00,53.67729136003214
1261,2021-12-22 23:51:01,53.68686885886166
1262,2021-12-22 23:51:02,53.659498128916
1263,2021-12-22 23:51:03,53.73086936457013
1264,2021-12-22 23:51:04,53.72967244594863
1265,2021-12-22 23:51:05,53.737999319221785
1266,2021-12-22 23:51:06,53.74256090542585
1267,2021-12-22 23:51:07,53.76677155278866
1268,2021-12-22 23:51:08,53.793311617136936
1269,2021-12-22 23:51:09,53.76873808539169
1270,2021-12-22 23:51:10,53.83219205275637
1271,2021-12-22 23:51:11,53.840842175929424
1272,2021-12-22 23:51:12,53.90744921840062
1273,2021-12-22 23:51:13,53.901002414584596
1274,2021-12-22 23:51:14,53.96752650736705
1275,2021-12-22 23:51:15,54.00277422215747
1276,2021-12-22 23:51:16,53.90665391078511
1277,2021-12-22 23:51:17,53.90019163512426
1278,2021-12-22 23:51:18,53.85196921247623
1279,2021-12-22 23:51:19,53.66867564049594
1280,2021-12-22 23:51:20,53.763276096341286
1281,2021-12-22 23:51:21,53.79699723736346
1282,2021-12-22 23:51:22,53.89400081476674
1283,2021-12-22 23:51:23,54.00991500165999
1284,2021-12-22 23:51:24,54.019393147884884
1285,2021-12-22 23:51:25,54.071137345326164
1286,2021-12-22 23:51:26,54.07786434155466
1287,2021-12-22 23:51:27,54.06940649904456
1288,2021-12-22 23:51:28,54.07990418782953
1289,2021-12-22 23:51:29,54.045176596652
1290,2021-12-22 23:51:30,53.863455400340726
1291,2021-12-22 23:51:31,53.88165128795053
1292,2021-12-22 23:51:32,53.89183265009424
1293,2021-12-22 23:51:33,53.93452294725746
1294,2021-12-22 23:51:34,54.15835776098888
1295,2021-12-22 23:51:35,54.26541217165608
1296,2021-12-22 23:51:36,54.37438028443558
1297,2021-12-22 23:51:37,54.426089923883836
1298,2021-12-22 23:51:38,54.495768996164855
1299,2021-12-22 23:51:39,54.42079679757953
1300,2021-12-22 23:51:40,54.421908572093706
1301,2021-12-22 23:51:41,54.421880971107896
1302,2021-12-22 23:51:42,54.409404184310134
1303,2021-12-22 23:51:43,54.56040849521665
1304,2021-12-22 23:51:44,54.5489743806295
1305,2021-12-22 23:51:45,54.575885890929875
1306,2021-12-22 23:51:46,54.60920340239127
1307,2021-12-22 23:51:47,54.66264368712228
1308,2021-12-22 23:51:48,54.6503768778075
1309,2021-12-22 23:51:49,54.653480053967236
1310,2021-12-22 23:51:50,54.53549229792463
1311,2021-12-22 23:51:51,54.439217326287185
1312,2021-12-22 23:51:52,54.45792755283803
1313,2021-12-22 23:51:53,54.508768487838594
1314,2021-12-22 23:51:54,54.49577707485268
1315,2021-12-22 23:51:55,54.433460838864896
1316,2021-12-22 23:51:56,54.41605344309616
1317,2021-12-22 23:51:57,54.34125872471529
1318,2021-12-22 23:51:58,54.364835409866515
1319,2021-12-22 23:51:59,54.37025623571725
1320,2021-12-22 23:52:00,54.4328441291865
1321,2021-12-22 23:52:01,54.45417768437963
1322,2021-12-22 23:52:02,54.46053509200131
1323,2021-12-22 23:52:03,54.35519059212936
1324,2021-12-22 23:52:04,54.286464257643544
1325,2021-12-22 23:52:05,54.20388242726403
1326,2021-12-22 23:52:06,54.23290467068721
1327,2021-12-22 23:52:07,54.20893851089187
1328,2021-12-22 23:52:08,54.24504389868217
1329,2021-12-22 23:52:09,54.34587282817111
1330,2021-12-22 23:52:10,54.315866034219695
1331,2021-12-22 23:52:11,54.27681942940591
1332,2021-12-22 23:52:12,54.16717855898712
1333,2021-12-22 23:52:13,54.163073925716745
1334,2021-12-22 23:52:14,54.24428820646895
1335,2021-12-22 23:52:15,54.13913200386287
1336,2021-12-22 23:52:16,54.16609935969565
1337,2021-12-22 23:52:17,54.18433359848521
1338,2021-12-22 23:52:18,54.04577655190708
1339,2021-12-22 23:52:19,54.01690528605954
1340,2021-12-22 23:52:20,53.93112925765249
1341,2021-12-22 23:52:21,53.86287282438642
1342,2021-12-22 23:52:22,53.72133956112128
1343,2021-12-22 23:52:23,53.68840201228325
1344,2021-12-22 23:52:24,53.646168933910666
1345,2021-12-22 23:52:25,53.62749895479832
1346,2021-12-22 23:52:26,53.612086750009766
1347,2021-12-22 23:52:27,53.65622267263167
1348,2021-12-22 23:52:28,53.838012942596556
1349,2021-12-22 23:52:29,54.000785235358194
1350,2021-12-22 23:52:30,54.019750921308045
1351,2021-12-22 23:52:31,54.0028593715266
1352,2021-12-22 23:52:32,54.005229041286306
1353,2021-12-22 23:52:33,54.03669053768198
1354,2021-12-22 23:52:34,54.117072343053614
1355,2021-12-22 23:52:35,53.94534717682882
1356,2021-12-22 23:52:36,53.91938500961976
1357,2021-12-22 23:52:37,53.77995685318102
1358,2021-12-22 23:52:38,53.71855815094132
1359,2021-12-22 23:52:39,53.746362344628025
1360,2021-12-22 23:52:40,53.775951349442835
1361,2021-12-22 23:52:41,53.77459582653245
1362,2021-12-22 23:52:42,53.82473976361595
1363,2021-12-22 23:52:43,53.96818508816173
1364,2021-12-22 23:52:44,53.9884061628991
1365,2021-12-22 23:52:45,53.89137997729393
1366,2021-12-22 23:52:46,53.712172654125325
1367,2021-12-22 23:52:47,53.59386942717549
1368,2021-12-22 23:52:48,53.536188000632265
1369,2021-12-22 23:52:49,53.406820502064114
1370,2021-12-22 23:52:50,53.355088001301866
1371,2021-12-22 23:52:51,53.36289128655116
1372,2021-12-22 23:52:52,53.38659322420265
1373,2021-12-22 23:52:53,53.354137424876086
1374,2021-12-22 23:52:54,53.274940037403
1375,2021-12-22 23:52:55,53.3659783340083
1376,2021-12-22 23:52:56,53.35136964863152
1377,2021-12-22 23:52:57,53.414686862561084
1378,2021-12-22 23:52:58,53.41939513527265
1379,2021-12-22 23:52:59,53.4187144265341
1380,2021-12-22 23:53:00,53.53256327432809
1381,2021-12-22 23:53:01,53.538821945953195
1382,2021-12-22 23:53:02,53.433002410425914
1383,2021-12-22 23:53:03,53.424052505287484
1384,2021-12-22 23:53:04,53.30504235328439
1385,2021-12-22 23:53:05,53.324164427692295
1386,2021-12-22 23:53:06,53.17027202671613
1387,2021-12-22 23:53:07,53.21681811979441
1388,2021-12-22 23:53:08,53.53455685711563
1389,2021-12-22 23:53:09,53.56862963796057
1390,2021-12-22 23:53:10,53.58012676400696
1391,2021-12-22 23:53:11,53.61208803307828
1392,2021-12-22 23:53:12,53.50856930537901
1393,2021-12-22 23:53:13,53.61755998085566
1394,2021-12-22 23:53:14,53.75009445451397
1395,2021-12-22 23:53:15,53.93126829499218
1396,2021-12-22 23:53:16,54.06264925119932
1397,2021-12-22 23:53:17,54.10072492624343
1398,2021-12-22 23:53:18,53.97752137643262
1399,2021-12-22 23:53:19,53.663698122941696
1400,2021-12-22 23:53:20,53.60604326147111
1401,2021-12-22 23:53:21,53.5425809291181
1402,2021-12-22 23:53:22,53.93459281755545
1403,2021-12-22 23:53:23,54.04859446406921
1404,2021-12-22 23:53:24,53.995333488808356
1405,2021-12-22 23:53:25,53.97018893259688
1406,2021-12-22 23:53:26,53.902864710809155
1407,2021-12-22 23:53:27,54.061338799629155
1408,2021-12-22 23:53:28,54.1240568088631
1409,2021-12-22 23:53:29,54.180073613923376
1410,2021-12-22 23:53:30,54.19937290659402
1411,2021-12-22 23:53:31,54.132772696713076
1412,2021-12-22 23:53:32,54.080660798892396
1413,2021-12-22 23:53:33,54.0638064735091
1414,2021-12-22 23:53:34,54.07876753390518
1415,2021-12-22 23:53:35,54.198657456430645
1416,2021-12-22 23:53:36,54.20908523255234
1417,2021-12-22 23:53:37,54.28263696720066
1418,2021-12-22 23:53:38,54.29690090999742
1419,2021-12-22 23:53:39,54.32111914265529
1420,2021-12-22 23:53:40,54.32268655543595
1421,2021-12-22 23:53:41,54.45777381961172
1422,2021-12-22 23:53:42,54.57155269234703
1423,2021-12-22 23:53:43,54.601113307621276
1424,2021-12-22 23:53:44,54.698285456968144
1425,2021-12-22 23:53:45,54.644676726319034
1426,2021-12-22 23:53:46,54.58202896958491
1427,2021-12-22 23:53:47,54.487330778525006
1428,2021-12-22 23:53:48,54.42961887023501
1429,2021-12-22 23:53:49,54.40599290305869
1430,2021-12-22 23:53:50,54.30457373717288
1431,2021-12-22 23:53:51,54.2044383739663
1432,2021-12-22 23:53:52,53.35593674878585
1433,2021-12-22 23:53:53,53.49158890936765
1434,2021-12-22 23:53:54,53.428986567300825
1435,2021-12-22 23:53:55,53.44475898507934
1436,2021-12-22 23:53:56,53.3767582992999
1437,2021-12-22 23:53:57,53.36301466697262
1438,2021-12-22 23:53:58,53.447520200576186
1439,2021-12-22 23:53:59,53.59212532730396
1440,2021-12-22 23:54:00,53.69111120874125
1441,2021-12-22 23:54:01,53.725086684098564
1442,2021-12-22 23:54:02,53.79695167101289
1443,2021-12-22 23:54:03,53.69885974467468
1444,2021-12-22 23:54:04,53.651076505627515
1445,2021-12-22 23:54:05,53.69597999463081
1446,2021-12-22 23:54:06,53.73377988678037
1447,2021-12-22 23:54:07,53.69143386289714
1448,2021-12-22 23:54:08,53.51622861721486
1449,2021-12-22 23:54:09,53.384707136311036
1450,2021-12-22 23:54:10,53.41200907105869
1451,2021-12-22 23:54:11,53.452667172350104
1452,2021-12-22 23:54:12,53.335717242058735
1453,2021-12-22 23:54:13,53.17631814819677
1454,2021-12-22 23:54:14,53.11716562750907
1455,2021-12-22 23:54:15,53.056355852699525
1456,2021-12-22 23:54:16,53.001925565054535
1457,2021-12-22 23:54:17,53.011669723969476
1458,2021-12-22 23:54:18,52.98762523567061
1459,2021-12-22 23:54:19,52.98438611039025
1460,2021-12-22 23:54:20,52.93818344765059
1461,2021-12-22 23:54:21,52.8604099133241
1462,2021-12-22 23:54:22,52.950223214490435
1463,2021-12-22 23:54:23,53.06029873153801
1464,2021-12-22 23:54:24,53.04303791723847
1465,2021-12-22 23:54:25,52.9031215982645
1466,2021-12-22 23:54:26,52.837040052373226
1467,2021-12-22 23:54:27,52.878121360842464
1468,2021-12-22 23:54:28,52.811124703387826
1469,2021-12-22 23:54:29,52.750231422916
1470,2021-12-22 23:54:30,52.67204848145747
1471,2021-12-22 23:54:31,52.643802601495366
1472,2021-12-22 23:54:32,52.47912037989535
1473,2021-12-22 23:54:33,52.46922767961914
1474,2021-12-22 23:54:34,52.5999268919171
1475,2021-12-22 23:54:35,52.73589193869719
1476,2021-12-22 23:54:36,52.818602434720944
1477,2021-12-22 23:54:37,52.78428777208
1478,2021-12-22 23:54:38,52.85754058952359
1479,2021-12-22 23:54:39,52.88282029271831
1480,2021-12-22 23:54:40,52.938338057535034
1481,2021-12-22 23:54:41,52.62816603616873
1482,2021-12-22 23:54:42,52.53593602439505
1483,2021-12-22 23:54:43,52.68242615051087
1484,2021-12-22 23:54:44,52.86164978738512
1485,2021-12-22 23:54:45,52.867822178231364
1486,2021-12-22 23:54:46,52.735588226051874
1487,2021-12-22 23:54:47,52.75483763786602
1488,2021-12-22 23:54:48,52.730294680135614
1489,2021-12-22 23:54:49,52.51883094988874
1490,2021-12-22 23:54:50,52.395044453168865
1491,2021-12-22 23:54:51,52.35537975338657
1492,2021-12-22 23:54:52,52.27600360222755
1493,2021-12-22 23:54:53,52.20517913554702
1494,2021-12-22 23:54:54,52.06641195920815
1495,2021-12-22 23:54:55,51.99975513039087
1496,2021-12-22 23:54:56,51.98268298864046
1497,2021-12-22 23:54:57,51.957543012426854
1498,2021-12-22 23:54:58,52.00374535436354
1499,2021-12-22 23:54:59,52.12234859182068
1500,2021-12-22 23:55:00,52.09317074591528
1501,2021-12-22 23:55:01,52.162145479726064
1502,2021-12-22 23:55:02,52.13897397197333
1503,2021-12-22 23:55:03,52.34988966173614
1504,2021-12-22 23:55:04,52.407916190355095
1505,2021-12-22 23:55:05,52.40309576930972
1506,2021-12-22 23:55:06,52.50710791417562
1507,2021-12-22 23:55:07,52.53868165713004
1508,2021-12-22 23:55:08,52.53585069722038
1509,2021-12-22 23:55:09,52.54411562757717
1510,2021-12-22 23:55:10,52.608887994953065
1511,2021-12-22 23:55:11,52.609722615675274
1512,2021-12-22 23:55:12,52.597259068808484
1513,2021-12-22 23:55:13,52.46286172956894
1514,2021-12-22 23:55:14,52.38285429604011
1515,2021-12-22 23:55:15,52.333543018319055
1516,2021-12-22 23:55:16,52.41235690626458
1517,2021-12-22 23:55:17,52.38493592781764
1518,2021-12-22 23:55:18,52.358014760885524
1519,2021-12-22 23:55:19,52.47575262277776
1520,2021-12-22 23:55:20,52.481061177040374
1521,2021-12-22 23:55:21,52.41948849059018
1522,2021-12-22 23:55:22,52.49704661691049
1523,2021-12-22 23:55:23,52.490329011160554
1524,2021-12-22 23:55:24,52.47548122741949
1525,2021-12-22 23:55:25,52.45912168415227
1526,2021-12-22 23:55:26,52.42406782726226
1527,2021-12-22 23:55:27,52.277366806904524
1528,2021-12-22 23:55:28,52.27850569285359
1529,2021-12-22 23:55:29,52.27398850763889
1530,2021-12-22 23:55:30,52.12241269005622
1531,2021-12-22 23:55:31,52.17387650995512
1532,2021-12-22 23:55:32,52.13119259745696
1533,2021-12-22 23:55:33,52.156392570496976
1534,2021-12-22 23:55:34,52.14217627699231
1535,2021-12-22 23:55:35,52.16176753667558
1536,2021-12-22 23:55:36,52.072989732567095
1537,2021-12-22 23:55:37,51.931986751746436
1538,2021-12-22 23:55:38,51.872858101872296
1539,2021-12-22 23:55:39,51.8185248230556
1540,2021-12-22 23:55:40,51.677209757863906
1541,2021-12-22 23:55:41,51.6902969262979
1542,2021-12-22 23:55:42,51.71721968038416
1543,2021-12-22 23:55:43,51.70066770808481
1544,2021-12-22 23:55:44,51.758604020088626
1545,2021-12-22 23:55:45,51.79193140892822
1546,2021-12-22 23:55:46,51.75223743709274
1547,2021-12-22 23:55:47,51.69357853259763
1548,2021-12-22 23:55:48,51.710066844329404
1549,2021-12-22 23:55:49,51.6843476923492
1550,2021-12-22 23:55:50,51.736274071980496
1551,2021-12-22 23:55:51,51.81753761338031
1552,2021-12-22 23:55:52,51.84497462371853
1553,2021-12-22 23:55:53,51.82837710796632
1554,2021-12-22 23:55:54,52.663639658717486
1555,2021-12-22 23:55:55,52.640213090606295
1556,2021-12-22 23:55:56,52.626359949501406
1557,2021-12-22 23:55:57,52.76287090502877
1558,2021-12-22 23:55:58,52.79113564292455
1559,2021-12-22 23:55:59,52.77314904214519
1560,2021-12-22 23:56:00,52.8139219281708
1561,2021-12-22 23:56:01,52.77855003792181
1562,2021-12-22 23:56:02,52.72382973272764
1563,2021-12-22 23:56:03,52.719655614293345
1564,2021-12-22 23:56:04,52.71126013099868
1565,2021-12-22 23:56:05,52.74395476016559
1566,2021-12-22 23:56:06,52.69307934468734
1567,2021-12-22 23:56:07,52.68008308159948
1568,2021-12-22 23:56:08,52.62840354359344
1569,2021-12-22 23:56:09,52.625246089040786
1570,2021-12-22 23:56:10,52.65519296561935
1571,2021-12-22 23:56:11,52.69622776675558
1572,2021-12-22 23:56:12,52.701865905208884
1573,2021-12-22 23:56:13,52.705361606746635
1574,2021-12-22 23:56:14,52.82251931001942
1575,2021-12-22 23:56:15,52.86646471021787
1576,2021-12-22 23:56:16,52.911516077133584
1577,2021-12-22 23:56:17,52.89019071576963
1578,2021-12-22 23:56:18,52.839875206015776
1579,2021-12-22 23:56:19,52.85907580815323
1580,2021-12-22 23:56:20,52.930272145189655
1581,2021-12-22 23:56:21,52.97165121007231
1582,2021-12-22 23:56:22,52.9861192730047
1583,2021-12-22 23:56:23,52.986535663613864
1584,2021-12-22 23:56:24,53.025018736068205
1585,2021-12-22 23:56:25,52.99919498640389
1586,2021-12-22 23:56:26,52.95163403501347
1587,2021-12-22 23:56:27,52.960214490279604
1588,2021-12-22 23:56:28,52.9377209826737
1589,2021-12-22 23:56:29,52.8840141342491
1590,2021-12-22 23:56:30,52.87598079508807
1591,2021-12-22 23:56:31,52.86136162325923
1592,2021-12-22 23:56:32,52.844776558975965
1593,2021-12-22 23:56:33,52.784265611083256
1594,2021-12-22 23:56:34,52.78861712660609
1595,2021-12-22 23:56:35,52.74998946719178
1596,2021-12-22 23:56:36,52.75644080653224
1597,2021-12-22 23:56:37,52.75942352544298
1598,2021-12-22 23:56:38,52.746271339753925
1599,2021-12-22 23:56:39,52.73907869608928
1600,2021-12-22 23:56:40,52.7106510302457
1601,2021-12-22 23:56:41,52.700053179401756
1602,2021-12-22 23:56:42,52.73596488662356
1603,2021-12-22 23:56:43,52.74776321812487
1604,2021-12-22 23:56:44,52.74885440767564
1605,2021-12-22 23:56:45,52.734301697513345
1606,2021-12-22 23:56:46,52.748597946220784
1607,2021-12-22 23:56:47,52.70726801709685
1608,2021-12-22 23:56:48,52.69936627384743
1609,2021-12-22 23:56:49,52.64278825383111
1610,2021-12-22 23:56:50,52.59051890672319
1611,2021-12-22 23:56:51,52.62434806587525
1612,2021-12-22 23:56:52,52.66438310810931
1613,2021-12-22 23:56:53,52.66183372710624
1614,2021-12-22 23:56:54,52.70411697866808
1615,2021-12-22 23:56:55,52.715835696300296
1616,2021-12-22 23:56:56,52.7135252745973
1617,2021-12-22 23:56:57,52.73840657538857
1618,2021-12-22 23:56:58,52.8034147955606
1619,2021-12-22 23:56:59,52.895284526206616
1620,2021-12-22 23:57:00,53.069302258751904
1621,2021-12-22 23:57:01,53.159983618861745
1622,2021-12-22 23:57:02,53.20405678991993
1623,2021-12-22 23:57:03,53.35764253242773
1624,2021-12-22 23:57:04,53.47765786212341
1625,2021-12-22 23:57:05,53.57340219194748
1626,2021-12-22 23:57:06,53.82542177700172
1627,2021-12-22 23:57:07,54.102176868344124
1628,2021-12-22 23:57:08,54.48161490824666
1629,2021-12-22 23:57:09,54.943247472456505
1630,2021-12-22 23:57:10,55.067093936373695
1631,2021-12-22 23:57:11,55.619053983448865
1632,2021-12-22 23:57:12,56.50475206031498
1633,2021-12-22 23:57:13,56.85384349976662
1634,2021-12-22 23:57:14,56.98259001948375
1635,2021-12-22 23:57:15,57.05948433398852
1636,2021-12-22 23:57:16,57.04404353628618
1637,2021-12-22 23:57:17,56.89628458358725
1638,2021-12-22 23:57:18,56.748888194962134
1639,2021-12-22 23:57:19,56.84977089470316
1640,2021-12-22 23:57:20,56.91765393905088
1641,2021-12-22 23:57:21,56.66552439273914
1642,2021-12-22 23:57:22,56.6685885880008
1643,2021-12-22 23:57:23,56.65700125342942
1644,2021-12-22 23:57:24,56.618912788533606
1645,2021-12-22 23:57:25,56.45031685058119
1646,2021-12-22 23:57:26,56.51742785498741
1647,2021-12-22 23:57:27,56.54585113237775
1648,2021-12-22 23:57:28,56.590950594196414
1649,2021-12-22 23:57:29,56.40208623087499
1650,2021-12-22 23:57:30,56.26853522642648
1651,2021-12-22 23:57:31,56.13654237832945
1652,2021-12-22 23:57:32,56.09883210171937
1653,2021-12-22 23:57:33,56.098920334434915
1654,2021-12-22 23:57:34,55.278843199591215
1655,2021-12-22 23:57:35,55.610017903064346
1656,2021-12-22 23:57:36,55.150523648848896
1657,2021-12-22 23:57:37,55.10419307316754
1658,2021-12-22 23:57:38,55.17337897641484
1659,2021-12-22 23:57:39,55.35095243683109
1660,2021-12-22 23:57:40,55.47225324649319
1661,2021-12-22 23:57:41,55.43583408849007
1662,2021-12-22 23:57:42,55.42086165613887
1663,2021-12-22 23:57:43,55.54350370193166
1664,2021-12-22 23:57:44,55.518603245181964
1665,2021-12-22 23:57:45,55.441841205327805
1666,2021-12-22 23:57:46,55.48345453662846
1667,2021-12-22 23:57:47,55.438104459365746
1668,2021-12-22 23:57:48,55.53592130931811
1669,2021-12-22 23:57:49,55.563797785473696
1670,2021-12-22 23:57:50,55.87413087895422
1671,2021-12-22 23:57:51,56.29318010779728
1672,2021-12-22 23:57:52,56.45328161821338
1673,2021-12-22 23:57:53,56.8395933951777
1674,2021-12-22 23:57:54,56.88085131984082
1675,2021-12-22 23:57:55,57.12714756103023
1676,2021-12-22 23:57:56,57.31926816158028
1677,2021-12-22 23:57:57,57.65056983446253
1678,2021-12-22 23:57:58,58.03703891137236
1679,2021-12-22 23:57:59,58.29580445846061
1680,2021-12-22 23:58:00,58.41135522762571
1681,2021-12-22 23:58:01,58.39450837936218
1682,2021-12-22 23:58:02,58.455685647667046
1683,2021-12-22 23:58:03,58.477533996389326
1684,2021-12-22 23:58:04,58.65947357909941
1685,2021-12-22 23:58:05,58.657120585242374
1686,2021-12-22 23:58:06,58.59581523670933
1687,2021-12-22 23:58:07,58.74273529054895
1688,2021-12-22 23:58:08,58.72539433495028
1689,2021-12-22 23:58:09,58.73027209088032
1690,2021-12-22 23:58:10,58.72252674779466
1691,2021-12-22 23:58:11,58.71146411188086
1692,2021-12-22 23:58:12,58.67184667932043
1693,2021-12-22 23:58:13,58.66533910656416
1694,2021-12-22 23:58:14,58.7203064925955
1695,2021-12-22 23:58:15,58.94578707367792
1696,2021-12-22 23:58:16,59.04120572299804
1697,2021-12-22 23:58:17,59.099663486415324
1698,2021-12-22 23:58:18,59.13229955362401
1699,2021-12-22 23:58:19,59.10372157625082
1700,2021-12-22 23:58:20,59.0334380786848
1701,2021-12-22 23:58:21,58.99844803907703
1702,2021-12-22 23:58:22,58.99553296177124
1703,2021-12-22 23:58:23,58.86766213286616
1704,2021-12-22 23:58:24,58.8629034376025
1705,2021-12-22 23:58:25,58.71644448468864
1706,2021-12-22 23:58:26,58.7502469234864
1707,2021-12-22 23:58:27,58.79760309133341
1708,2021-12-22 23:58:28,58.91270521651316
1709,2021-12-22 23:58:29,59.24438452840997
1710,2021-12-22 23:58:30,59.291595391461456
1711,2021-12-22 23:58:31,59.32060196263532
1712,2021-12-22 23:58:32,59.36216399771695
1713,2021-12-22 23:58:33,59.129108847931256
1714,2021-12-22 23:58:34,59.26096426140198
1715,2021-12-22 23:58:35,59.577061717603335
1716,2021-12-22 23:58:36,60.546602801371
1717,2021-12-22 23:58:37,60.58243038672503
1718,2021-12-22 23:58:38,61.12010208171131
1719,2021-12-22 23:58:39,61.534738501072255
1720,2021-12-22 23:58:40,61.78186595226239
1721,2021-12-22 23:58:41,62.248518497567474
1722,2021-12-22 23:58:42,62.59050416088243
1723,2021-12-22 23:58:43,63.18166841574857
1724,2021-12-22 23:58:44,63.637287349070476
1725,2021-12-22 23:58:45,63.99767093776531
1726,2021-12-22 23:58:46,64.27621036690878
1727,2021-12-22 23:58:47,64.85410457547407
1728,2021-12-22 23:58:48,65.52815155641518
1729,2021-12-22 23:58:49,66.23368577766038
1730,2021-12-22 23:58:50,66.43559252454406
1731,2021-12-22 23:58:51,66.3202528834183
1732,2021-12-22 23:58:52,66.30975317241437
1733,2021-12-22 23:58:53,66.71451251627494
1734,2021-12-22 23:58:54,66.787415365904
1735,2021-12-22 23:58:55,66.82955121716412
1736,2021-12-22 23:58:56,66.5937600843887
1737,2021-12-22 23:58:57,66.62899238126458
1738,2021-12-22 23:58:58,66.81551383196505
1739,2021-12-22 23:58:59,66.73584831763354
1740,2021-12-22 23:59:00,66.6345618834171
1741,2021-12-22 23:59:01,66.6964559071794
1742,2021-12-22 23:59:02,66.58404198948551
1743,2021-12-22 23:59:03,66.3874083915941
1744,2021-12-22 23:59:04,66.1375112377825
1745,2021-12-22 23:59:05,66.09626190944961
1746,2021-12-22 23:59:06,66.07396340851209
1747,2021-12-22 23:59:07,66.57864848740897
1748,2021-12-22 23:59:08,66.58392285538358
1749,2021-12-22 23:59:09,66.4042382574962
1750,2021-12-22 23:59:10,66.26093962478431
1751,2021-12-22 23:59:11,65.94234414597632
1752,2021-12-22 23:59:12,65.83841633489027
1753,2021-12-22 23:59:13,66.17491103421915
1754,2021-12-22 23:59:14,66.05508148194711
1755,2021-12-22 23:59:15,66.28299045645394
1756,2021-12-22 23:59:16,66.00387397801545
1757,2021-12-22 23:59:17,65.9087456058413
1758,2021-12-22 23:59:18,65.86484720231792
1759,2021-12-22 23:59:19,65.88923819033792
1760,2021-12-22 23:59:20,65.77979329037699
1761,2021-12-22 23:59:21,65.77088011761381
1762,2021-12-22 23:59:22,65.82542287513476
1763,2021-12-22 23:59:23,66.02342199189684
1764,2021-12-22 23:59:24,66.14039198839498
1765,2021-12-22 23:59:25,66.3975443475035
1766,2021-12-22 23:59:26,66.53322849139055
1767,2021-12-22 23:59:27,66.64242486848902
1768,2021-12-22 23:59:28,66.62584669115404
1769,2021-12-22 23:59:29,66.61098566690391
1770,2021-12-22 23:59:30,66.6328487301432
1771,2021-12-22 23:59:31,66.74585977208969
1772,2021-12-22 23:59:32,66.7695897135985
1773,2021-12-22 23:59:33,66.91768397944193
1774,2021-12-22 23:59:34,67.01358540500883
1775,2021-12-22 23:59:35,66.87527287213635
1776,2021-12-22 23:59:36,66.85948692449917
1777,2021-12-22 23:59:37,66.91909297090369
1778,2021-12-22 23:59:38,66.9716291324568
1779,2021-12-22 23:59:39,66.99697395582736
1780,2021-12-22 23:59:40,67.05523709716303
1781,2021-12-22 23:59:41,67.18249916881146
1782,2021-12-22 23:59:42,67.24051169602619
1783,2021-12-22 23:59:43,67.07413793642607
1784,2021-12-22 23:59:44,66.89151036238555
1785,2021-12-22 23:59:45,66.89685491485209
1786,2021-12-22 23:59:46,66.91947992184619
1787,2021-12-22 23:59:47,66.9049548950579
1788,2021-12-22 23:59:48,66.9244876580158
1789,2021-12-22 23:59:49,66.96556148830186
1790,2021-12-22 23:59:50,67.01654426725966
1791,2021-12-22 23:59:51,66.92788314692574
1792,2021-12-22 23:59:52,66.74517971795481
1793,2021-12-22 23:59:53,66.60613727240396
1794,2021-12-22 23:59:54,66.52500740203654
1795,2021-12-22 23:59:55,66.42237825561664
1796,2021-12-22 23:59:56,66.44645151387581
1797,2021-12-22 23:59:57,66.47208054475965
1798,2021-12-22 23:59:58,66.22422143330421
1799,2021-12-22 23:59:59,66.11456678085388
